City_ID,City,Lat,Lng,Max Temp,Humidity,Cloudiness,Wind Speed,Country,Date
0,georgetown,5.4112,100.3354,29.41,86,20,1.54,MY,1693100663
1,waingapu,-9.6567,120.2641,28.21,59,4,7.39,ID,1693100939
2,yellowknife,62.456,-114.3525,15.79,75,75,3.6,CA,1693100940
3,mangalia,43.8,28.5833,23.55,72,0,2.25,RO,1693100940
4,beau vallon,-20.4189,57.6953,22.34,88,40,4.12,MU,1693100941
5,goure,13.9835,10.2704,30.2,47,100,1.37,NE,1693100941
6,antalaha,-14.9003,50.2788,20.53,89,34,2.75,MG,1693100942
7,iqaluit,63.7506,-68.5145,5.85,87,100,6.69,CA,1693100942
8,port augusta,-32.5,137.7667,15.52,62,40,4.76,AU,1693100943
9,ribeira grande,38.5167,-28.7,22.65,88,46,4.47,PT,1693100943
10,menongue,-14.6585,17.691,15.36,27,4,1.29,AO,1693100944
11,kodiak,57.79,-152.4072,14.73,88,75,6.17,US,1693100944
12,tiksi,71.6872,128.8694,16.25,76,34,5.2,RU,1693100945
13,isafjordur,66.0755,-23.124,10.3,89,100,2.25,IS,1693100945
14,puerto natales,-51.7236,-72.4875,1.88,98,100,1.26,CL,1693100946
15,usogorsk,63.4106,48.6872,5.5,96,100,2.27,RU,1693100946
16,howrah,22.5892,88.3103,29.0,89,40,3.09,IN,1693100947
17,tralee,52.2704,-9.7026,13.58,94,100,5.23,IE,1693100947
18,waitangi,-43.9535,-176.5597,9.34,78,100,1.34,NZ,1693100948
19,codrington,-38.2667,141.9667,13.43,69,100,3.81,AU,1693100949
20,hammerfest,70.6634,23.6821,7.25,93,100,1.03,NO,1693100949
21,hawaiian paradise park,19.5933,-154.9731,26.73,82,40,5.66,US,1693100950
22,kirensk,57.7853,108.1119,22.78,59,2,1.21,RU,1693100950
23,adamstown,-25.066,-130.1015,19.4,57,92,5.34,PN,1693100951
24,bargaal,11.2864,51.0773,26.83,69,47,7.89,SO,1693100951
25,ushuaia,-54.8,-68.3,5.81,61,20,3.6,AR,1693100952
26,whitehorse,60.7161,-135.0538,27.23,36,20,5.14,CA,1693100824
27,murghob,38.1702,73.9667,4.97,89,98,0.19,TJ,1693100953
28,port-aux-francais,-49.35,70.2167,4.91,95,100,19.26,TF,1693100953
29,yemetsk,63.4721,41.7941,8.37,94,100,4.38,RU,1693100954
30,grytviken,-54.2811,-36.5092,-5.83,84,50,4.21,GS,1693100954
31,kalasin,16.5,103.5,27.67,99,100,3.79,TH,1693100955
32,mahanoro,-19.9,48.8,19.04,92,5,1.41,MG,1693100955
33,kitee,62.1,30.15,8.74,80,7,0.42,FI,1693100957
34,blackmans bay,-43.0167,147.3167,11.96,62,1,1.58,AU,1693100958
35,anadyr,64.75,177.4833,11.28,58,20,2.0,RU,1693100958
36,afaahiti,-17.75,-149.2833,26.93,74,17,9.5,PF,1693100959
37,tambopata,-12.7333,-69.1833,25.53,59,14,0.87,PE,1693100959
38,matoury,4.8483,-52.3317,25.98,89,0,1.54,GF,1693100960
39,constantia,44.1833,28.65,21.5,71,0,1.67,RO,1693100960
40,huarmey,-10.0681,-78.1522,19.58,84,3,3.55,PE,1693100961
41,hermanus,-34.4187,19.2345,4.89,75,0,3.45,ZA,1693100961
42,san javier,37.8063,-0.8374,28.31,75,100,3.13,ES,1693100961
43,bethel,41.3712,-73.414,23.17,81,0,1.54,US,1693100962
44,longyearbyen,78.2186,15.6401,6.91,93,75,0.0,SJ,1693100962
45,invercargill,-46.4,168.35,8.34,68,100,4.47,NZ,1693100963
46,espiye,40.9479,38.7115,21.2,75,1,2.36,TR,1693100963
47,alice springs,-23.7,133.8833,22.75,14,0,7.72,AU,1693100964
48,itaperuna,-21.205,-41.8878,17.66,90,100,2.25,BR,1693100964
49,city of balikpapan,-1.242,116.8942,28.97,84,20,4.12,ID,1693100822
50,meadow lakes,61.6247,-149.6011,19.99,75,100,6.17,US,1693100965
51,ciudad lazaro cardenas,17.9583,-102.2,27.31,81,60,0.48,MX,1693100857
52,ola,59.5833,151.2833,18.97,72,53,3.18,RU,1693100966
53,puerto ayora,-0.7393,-90.3518,24.19,92,33,2.24,EC,1693100967
54,labytnangi,66.6572,66.4183,6.66,86,100,4.55,RU,1693100967
55,edinburgh of the seven seas,-37.0676,-12.3116,15.34,87,100,16.06,SH,1693100968
56,la libertad,-2.2333,-80.9,22.46,82,44,4.69,EC,1693100968
57,remire-montjoly,4.9167,-52.2667,26.02,89,0,1.54,GF,1693100969
58,rabo de peixe,37.8,-25.5833,21.73,78,40,4.12,PT,1693100969
59,riviere-du-loup,47.8304,-69.5342,15.15,94,67,1.03,CA,1693100970
60,arkhangel'sk,64.5401,40.5433,8.98,89,100,4.58,RU,1693100970
61,praia da vitoria,38.7333,-27.0667,23.14,78,75,7.02,PT,1693100971
62,hamilton,39.1834,-84.5333,26.05,78,0,3.09,US,1693100374
63,thompson,55.7435,-97.8558,21.09,56,20,4.63,CA,1693100972
64,crane,31.3974,-102.3501,28.89,41,91,3.25,US,1693100972
65,kingston,17.997,-76.7936,30.53,79,75,1.54,JM,1693100973
66,nouadhibou,20.931,-17.0347,30.99,40,4,8.75,MR,1693100974
67,yelizovo,53.1873,158.3805,21.08,49,20,5.0,RU,1693100975
68,wakkanai,45.4094,141.6739,23.99,87,75,2.06,JP,1693100975
69,el granada,37.5027,-122.4694,24.4,75,75,7.72,US,1693100976
70,ilulissat,69.2167,-51.1,6.01,87,100,3.6,GL,1693100976
71,hithadhoo,-0.6,73.0833,27.82,76,95,3.04,MV,1693100977
72,byron bay,-28.65,153.6167,20.95,64,57,4.67,AU,1693100977
73,udachny,66.4167,112.4,20.25,52,23,5.4,RU,1693100978
74,papatowai,-46.5619,169.4708,6.26,79,94,6.07,NZ,1693100978
75,amasra,41.7463,32.3863,21.74,59,0,1.38,TR,1693100979
76,padangsidempuan,1.3667,99.2667,24.54,88,96,0.1,ID,1693100979
77,port elizabeth,-33.918,25.5701,11.16,71,20,4.63,ZA,1693100980
78,wailua homesteads,22.0669,-159.378,30.44,72,20,6.69,US,1693100980
79,taihecun,45.8,130.85,21.05,70,10,2.26,CN,1693100981
80,avarua,-21.2078,-159.775,22.03,100,75,3.6,CK,1693100981
81,kalmunai,7.4167,81.8167,27.82,70,43,5.2,LK,1693100981
82,celestun,20.8667,-90.4,26.95,86,88,3.63,MX,1693100982
83,"laikit, laikit ii (dimembe)",1.4792,124.9735,30.47,55,20,6.69,ID,1693100983
84,west island,-12.1568,96.8225,25.99,73,100,6.69,CC,1693100983
85,kalengwa,-13.4659,25.0027,17.41,22,5,2.72,ZM,1693100984
86,punta arenas,-53.15,-70.9167,3.12,90,100,4.38,CL,1693100623
87,margate,51.3813,1.3862,12.61,87,50,1.34,GB,1693100986
88,aasiaat,68.7098,-52.8699,4.01,91,100,10.26,GL,1693100986
89,qiziltepa,40.0331,64.85,22.75,49,89,4.32,UZ,1693100987
90,las heras,-46.5419,-68.9359,5.28,59,31,11.48,AR,1693100988
91,san julian,21.0167,-102.1667,16.09,71,42,1.61,MX,1693100988
92,vorgashor,67.5833,63.95,4.28,98,100,5.48,RU,1693100989
93,turuntayevo,52.2,107.6167,17.05,58,26,0.73,RU,1693100989
94,saudarkrokur,65.7461,-19.6394,10.34,96,100,0.61,IS,1693100990
95,iskateley,67.6803,53.1512,6.14,93,100,4.3,RU,1693100990
96,salaberry-de-valleyfield,45.2501,-74.1325,18.94,82,98,2.57,CA,1693100704
97,tual,-5.6667,132.75,25.07,86,94,10.09,ID,1693100991
98,qazigund,33.6333,75.15,16.33,76,8,0.61,IN,1693100992
99,anloga,5.7947,0.8973,24.64,92,87,4.74,GH,1693100992
100,ancud,-41.8697,-73.8203,6.64,85,100,3.04,CL,1693100993
101,port mathurin,-19.6833,63.4167,22.64,74,83,11.6,MU,1693100993
102,moreira sales,-24.0622,-53.0069,16.06,70,95,2.76,BR,1693100994
103,st. john's,47.5649,-52.7093,14.38,89,75,3.09,CA,1693100939
104,auki,-8.7676,160.7034,24.45,92,100,3.66,SB,1693100995
105,vilyuchinsk,52.9306,158.4028,21.15,57,97,0.55,RU,1693100995
106,broken hill,-31.95,141.4333,22.58,24,0,5.78,AU,1693100996
107,lebu,-37.6167,-73.65,7.25,74,0,1.12,CL,1693100996
108,ouarzazat,30.9189,-6.8934,30.16,21,0,2.06,MA,1693100997
109,albany,42.6001,-73.9662,19.94,85,8,2.1,US,1693100997
110,qaqortoq,60.7167,-46.0333,5.65,90,100,1.5,GL,1693100998
111,talnakh,69.4865,88.3972,12.34,76,100,4.81,RU,1693100998
112,hayden,47.766,-116.7866,31.02,20,0,2.57,US,1693100821
113,touros,-5.1989,-35.4608,25.76,84,77,3.67,BR,1693100949
114,petropavlovsk-kamchatsky,53.0452,158.6483,20.33,49,20,5.0,RU,1693100999
115,sao joao da barra,-21.6403,-41.0511,18.68,88,100,4.33,BR,1693101000
116,uyuni,-20.4597,-66.825,3.7,33,4,4.5,BO,1693101000
117,lata,40.1629,-8.3327,18.23,95,17,1.95,PT,1693101001
118,barra de santo antonio,-9.4047,-35.5072,23.6,93,7,3.18,BR,1693101001
119,ryotsu-minato,38.0833,138.4333,29.72,68,18,1.77,JP,1693101002
120,wenatchee,47.4235,-120.3103,33.36,25,0,3.09,US,1693101003
121,nar'yan-mar,67.6713,53.087,6.2,93,100,4.3,RU,1693101003
122,ust-nera,64.5667,143.2,13.52,63,100,2.2,RU,1693101004
123,uturoa,-16.7333,-151.4333,26.13,73,69,9.14,PF,1693101004
124,keflavik,64.0049,-22.5624,11.95,93,100,3.09,IS,1693101005
125,sanming,26.2486,117.6186,29.87,80,48,0.52,CN,1693101005
126,beloyarskiy,63.7119,66.6722,7.69,93,100,1.69,RU,1693101006
127,labuan bajo,-8.4964,119.8877,28.34,57,0,1.9,ID,1693101006
128,carnarvon,-24.8667,113.6333,23.54,45,0,1.65,AU,1693101007
129,formosa do rio preto,-11.0483,-45.1931,24.78,57,35,1.67,BR,1693101007
130,selfoss,63.9331,-20.9971,10.58,89,50,4.23,IS,1693101008
131,tazacorte,28.629,-17.9293,24.54,88,20,5.14,ES,1693101008
132,jamestown,42.097,-79.2353,20.77,94,75,2.57,US,1693101009
133,nantucket,41.2835,-70.0995,21.12,78,100,1.54,US,1693101009
134,peace river,56.2501,-117.286,25.17,60,40,3.6,CA,1693101010
135,vuktyl,63.8567,57.3094,5.22,95,100,1.28,RU,1693101010
136,inongo,-1.95,18.2667,20.33,88,64,1.46,CD,1693101011
137,hirara,24.8,125.2833,31.15,79,40,5.14,JP,1693101011
138,luderitz,-26.6481,15.1594,16.28,41,0,4.44,NA,1693101012
139,stanley,54.868,-1.6985,9.85,94,20,1.54,GB,1693101012
140,bredasdorp,-34.5322,20.0403,6.56,83,0,1.53,ZA,1693101013
141,rio grande,-32.035,-52.0986,4.41,67,3,3.44,BR,1693101013
142,okhotsk,59.3833,143.3,19.9,49,7,3.51,RU,1693101014
143,guiuan,11.0333,125.7247,29.14,72,100,8.14,PH,1693101015
144,goundam,16.4145,-3.6708,29.58,56,99,5.96,ML,1693101015
145,jianshui,23.6363,102.8264,23.07,84,100,1.76,CN,1693101015
146,raghogarh,24.45,77.2,22.44,88,97,4.35,IN,1693101016
147,puerto cabezas,14.0351,-83.3888,27.22,81,59,3.89,NI,1693101017
148,sarandi del yi,-33.35,-55.6333,3.56,72,6,3.42,UY,1693101017
149,northam,51.0333,-4.2167,15.22,91,81,6.89,GB,1693101018
150,nichinan,31.6,131.3667,25.82,76,40,4.26,JP,1693101018
151,bijni,26.4959,90.703,24.66,98,100,1.74,IN,1693101019
152,lihue,21.9789,-159.3672,30.77,63,20,6.69,US,1693101019
153,bilibino,68.0546,166.4372,14.15,47,100,2.69,RU,1693101020
154,sinabang,2.4803,96.3801,27.53,78,63,2.45,ID,1693101020
155,ntoum,0.3833,9.7833,25.87,86,100,1.52,GA,1693101021
156,karukh,34.4811,62.5863,16.01,76,10,6.52,AF,1693101021
157,katsuura,35.1333,140.3,28.59,71,100,4.99,JP,1693101022
158,tazovsky,67.4667,78.7,9.06,82,97,5.32,RU,1693101022
159,mogadishu,2.0371,45.3438,24.83,85,38,6.61,SO,1693101023
160,nadi,-17.8,177.4167,26.0,65,40,3.09,FJ,1693101023
161,badger,64.8,-147.5333,20.93,65,20,4.12,US,1693101024
162,cockburn town,21.4612,-71.1419,28.49,75,5,3.98,TC,1693100906
163,arraial do cabo,-22.9661,-42.0278,19.0,79,100,5.59,BR,1693101025
164,digne-les-bains,44.0833,6.25,17.68,88,100,2.08,FR,1693101025
165,alofi,-19.0595,-169.9187,23.94,64,45,5.66,NU,1693101026
166,mount gambier,-37.8333,140.7667,13.41,65,100,3.07,AU,1693101026
167,champerico,14.3,-91.9167,28.39,74,48,1.8,GT,1693101027
168,nizhneudinsk,54.9076,99.0276,18.14,90,95,1.82,RU,1693101027
169,puerto baquerizo moreno,-0.9,-89.6,23.48,80,33,5.47,EC,1693101028
170,richards bay,-28.783,32.0377,15.6,55,0,4.86,ZA,1693101028
171,quatre cocos,-20.2078,57.7625,22.27,80,26,6.23,MU,1693101029
172,chonchi,-42.6128,-73.8092,7.56,95,57,1.98,CL,1693101029
173,vorkuta,67.5,64.0,4.39,98,100,5.76,RU,1693101030
174,kyabe,9.4515,18.9449,21.38,92,100,1.6,TD,1693101030
175,shitanjing,39.2342,106.3439,19.13,47,0,3.22,CN,1693101031
176,hilo,19.7297,-155.09,26.85,79,40,5.66,US,1693101032
177,kota tinggi,1.7381,103.8999,31.3,75,81,1.34,MY,1693101032
178,estes park,40.3772,-105.5217,17.92,92,43,2.68,US,1693100861
179,hanceville,34.0607,-86.7675,30.11,62,15,1.52,US,1693101033
180,olonkinbyen,70.9221,-8.7187,6.65,95,92,8.8,SJ,1693101033
181,mary,37.0,62.5,20.93,70,31,3.58,TM,1693101034
182,luruaco,10.6092,-75.1431,24.79,88,98,2.77,CO,1693101034
183,salinopolis,-0.6136,-47.3561,26.56,82,6,4.78,BR,1693101035
184,ad dilam,23.9915,47.1627,31.23,16,100,1.5,SA,1693101035
185,margaret river,-33.95,115.0667,15.86,76,100,1.59,AU,1693101036
186,geraldton,-28.7667,114.6,19.23,63,0,3.09,AU,1693101036
187,uyar,55.81,94.3153,13.81,90,100,3.52,RU,1693101037
188,tarasovskiy,48.7292,40.3636,15.51,48,3,2.45,RU,1693101038
189,three points,32.0767,-111.3137,38.09,20,0,2.06,US,1693101040
190,callao,-12.0667,-77.15,21.16,73,100,4.63,PE,1693101040
191,monze,-16.2833,27.4833,20.17,28,0,3.14,ZM,1693101041
192,port lincoln,-34.7333,135.8667,13.78,63,7,4.25,AU,1693101041
193,east london,-33.0153,27.9116,13.54,61,76,7.39,ZA,1693100751
194,semirom,31.4167,51.5667,16.38,28,0,0.14,IR,1693100940
195,tura,25.5198,90.2201,23.47,99,100,2.02,IN,1693101043
196,utrik,11.2278,169.8474,28.24,78,78,7.05,MH,1693101043
197,sitka,57.0531,-135.33,19.94,68,20,5.66,US,1693101044
198,sechura,-5.5569,-80.8222,20.85,76,0,6.62,PE,1693101044
199,college,64.8569,-147.8028,20.97,64,75,4.12,US,1693101045
200,fort bragg,35.139,-79.006,29.32,71,20,3.6,US,1693101045
201,tabou,4.423,-7.3528,24.41,90,88,3.66,CI,1693101046
202,itoman,26.1247,127.6694,32.43,74,20,3.09,JP,1693101046
203,ouesso,1.6136,16.0517,20.98,91,96,0.63,CG,1693101047
204,morehead city,34.7229,-76.726,28.34,85,0,5.66,US,1693101047
205,kijang,35.2442,129.2139,28.85,72,52,5.13,KR,1693101048
206,menaka,15.9182,2.4022,30.54,52,97,5.42,ML,1693101048
207,babayevo,59.3936,35.9371,6.84,92,8,1.18,RU,1693101049
208,mount isa,-20.7333,139.5,27.87,24,0,7.2,AU,1693101049
209,san vicente,-26.6167,-54.1333,7.38,67,0,2.45,AR,1693101050
210,palu,-0.8917,119.8707,29.84,71,53,0.6,ID,1693101050
211,atafu village,-8.5421,-172.5159,28.35,73,18,5.46,TK,1693101051
212,severo-yeniseyskiy,60.3725,93.0408,12.75,73,18,1.25,RU,1693101051
213,inhambane,-23.865,35.3833,19.6,73,100,10.25,MZ,1693101051
214,mili,6.0815,171.735,27.91,76,94,5.73,MH,1693101052
215,arys,42.4252,68.795,20.04,75,100,3.77,KZ,1693101052
216,enewetak,11.3474,162.3373,27.1,81,93,6.76,MH,1693101053
217,salmon arm,50.6998,-119.3024,30.24,40,4,0.0,CA,1693101053
218,batumi,41.6416,41.6359,19.99,83,0,7.72,GE,1693101054
219,kerikeri,-35.2268,173.9474,17.73,71,24,1.34,NZ,1693101054
220,aykhal,66.0,111.5,20.96,48,55,5.06,RU,1693101055
221,susuman,62.7833,148.1667,14.63,53,68,2.0,RU,1693101055
222,dudinka,69.4058,86.1778,12.57,84,7,7.64,RU,1693101056
223,tolanaro,-25.0319,46.9987,21.04,83,20,3.09,MG,1693101056
224,vila franca do campo,37.7167,-25.4333,22.23,85,84,5.42,PT,1693101057
225,mosjoen,65.836,13.1908,9.29,93,20,1.03,NO,1693101057
226,gamboula,4.1178,15.1393,19.41,98,100,1.31,CF,1693101058
227,mana,5.6592,-53.7767,26.35,89,0,4.01,GF,1693101058
228,wewak,-3.5534,143.6268,29.46,70,10,4.07,PG,1693101059
229,saint croix,17.7397,-64.7388,28.25,79,0,2.06,VI,1693101059
230,tinogasta,-28.0632,-67.5649,8.59,50,0,0.67,AR,1693101060
231,thames,-37.1333,175.5333,15.64,63,64,3.94,NZ,1693101060
232,buala,-8.145,159.5921,26.5,84,100,5.59,SB,1693101062
233,ust-tsilma,65.441,52.1498,5.85,98,100,1.89,RU,1693101062
234,bhan,26.5583,67.7214,30.3,57,82,3.76,PK,1693101063
235,howard springs,-12.497,131.047,31.01,40,63,6.16,AU,1693101063
236,san patricio,28.017,-97.5169,31.4,68,15,5.09,US,1693101064
237,cadale,2.7603,46.3222,24.84,86,90,6.54,SO,1693101064
238,kendari,-3.945,122.4989,28.89,60,71,1.98,ID,1693100923
239,sandnessjoen,66.0217,12.6316,9.29,74,5,6.3,NO,1693101065
240,isla vista,34.4133,-119.861,28.9,65,0,4.12,US,1693100970
241,chibougamau,49.9168,-74.3659,11.79,71,0,1.54,CA,1693100842
242,bamboo flat,11.7,92.7167,26.05,94,40,1.03,IN,1693101067
243,ilebo,-4.3167,20.5833,21.14,86,39,0.65,CD,1693101068
244,hami,42.8,93.45,31.42,16,2,5.34,CN,1693101068
245,kimbe,-5.5502,150.1429,31.67,59,77,3.97,PG,1693101069
246,cabinda,-5.55,12.2,23.08,94,100,4.12,AO,1693101069
247,arrifes,37.7667,-25.7,21.14,78,40,4.12,PT,1693101070
248,makokou,0.5738,12.8642,20.93,99,100,1.31,GA,1693101070
249,turkmenbasy,40.0222,52.9552,21.43,73,0,4.12,TM,1693101071
250,kavaratti,10.5669,72.642,27.69,73,100,1.8,IN,1693101071
251,daru,-9.0763,143.2092,24.99,82,99,8.2,PG,1693101072
252,la passe,45.5549,-0.8967,17.77,80,100,4.21,FR,1693101072
253,bonthe,7.5264,-12.505,25.39,90,100,2.17,SL,1693101073
254,mamit,23.9333,92.4833,20.73,98,100,1.94,IN,1693101074
255,cayiralan,39.3028,35.6439,12.19,75,0,1.46,TR,1693101074
256,saipan,15.1355,145.701,28.39,89,75,7.2,MP,1693101075
257,willowmore,-33.2926,23.4895,2.02,85,0,0.82,ZA,1693101075
258,road town,18.4167,-64.6167,29.05,78,100,6.47,VG,1693101029
259,saint-philippe,-21.3585,55.7679,20.77,81,21,5.33,RE,1693101076
260,prado,-17.3411,-39.2208,22.89,96,100,4.52,BR,1693101077
261,rasht,37.2808,49.5832,21.48,84,99,1.98,IR,1693101077
262,marianna,30.7744,-85.2269,33.02,52,0,2.06,US,1693101078
263,porto novo,6.4965,2.6036,25.9,92,96,2.75,BJ,1693101078
264,ketchikan,55.3422,-131.6461,25.26,57,0,2.57,US,1693101067
265,belyy yar,53.6039,91.3903,17.94,82,0,2.0,RU,1693101079
266,jaguarari,-10.2639,-40.1958,23.42,36,0,1.48,BR,1693101080
267,mugia,43.1041,-9.2179,17.17,75,6,6.88,ES,1693101080
268,kismayo,-0.3582,42.5454,24.77,81,21,6.26,SO,1693101081
269,colonia,50.9333,6.95,16.03,82,0,1.54,DE,1693100793
270,port blair,11.6667,92.75,26.02,94,40,1.03,IN,1693101082
271,anar darah,32.7587,61.654,23.2,46,1,4.82,AF,1693101082
272,qarauyl,48.9451,79.255,18.86,55,100,3.23,KZ,1693101083
273,ugoofaaru,5.6667,73.0,28.08,75,41,2.55,MV,1693101084
274,mejit,10.2753,170.8646,28.33,78,100,6.55,MH,1693101084
275,ballina,-28.8667,153.5667,20.99,64,73,4.47,AU,1693101085
276,sambava,-14.2667,50.1667,20.92,91,86,4.16,MG,1693101086
277,bam,29.106,58.357,30.21,21,5,3.03,IR,1693101087
278,matsue,35.4722,133.0506,32.0,74,40,2.57,JP,1693101087
279,nagqu,31.5,92.0,7.18,80,35,2.7,CN,1693101088
280,karratha,-20.7377,116.8463,27.64,20,0,5.96,AU,1693101088
281,nemuro,43.3236,145.575,20.43,94,100,5.45,JP,1693101089
282,al jawf,29.5,38.75,24.63,53,0,4.83,SA,1693101090
283,monaghan,54.25,-6.9667,11.88,93,92,2.62,IE,1693101090
284,akureyri,65.6835,-18.0878,10.96,93,100,5.14,IS,1693101091
285,fort mcmurray,56.7268,-111.381,25.77,47,0,3.09,CA,1693100824
286,caleta de carquin,-11.0925,-77.6267,19.25,84,12,4.07,PE,1693101092
287,san juan colorado,16.4586,-97.9536,22.82,96,53,0.51,MX,1693101092
288,ramanuj ganj,23.8,83.7,25.68,75,99,3.8,IN,1693101094
289,mugumu,-1.85,34.7,17.27,60,3,2.15,TZ,1693101094
290,kill devil hills,36.0307,-75.676,27.77,88,40,2.57,US,1693100954
291,masuguru,-11.3667,38.4167,21.23,84,0,1.92,TZ,1693101095
292,aljezur,37.3191,-8.8033,17.9,81,66,6.99,PT,1693101096
293,yeniseysk,58.4497,92.1703,14.28,70,100,1.09,RU,1693101097
294,saldanha,-33.0117,17.9442,7.03,76,0,5.08,ZA,1693101097
295,larache,35.1932,-6.1557,22.95,74,18,5.96,MA,1693101092
296,matai,-8.3,31.5167,15.74,59,6,2.35,TZ,1693101098
297,cidade velha,14.9167,-23.6167,27.26,78,20,1.54,CV,1693101099
298,necochea,-38.5473,-58.7368,3.49,87,0,3.17,AR,1693101100
299,basmat,19.3167,77.1667,24.56,82,37,3.93,IN,1693101100
300,horta,38.5333,-28.6333,22.23,88,51,4.47,PT,1693100812
301,nimaparha,20.0667,86.0167,28.22,68,100,3.73,IN,1693101101
302,fort-shevchenko,44.5086,50.263,21.83,46,12,3.7,KZ,1693101102
303,lerwick,60.1545,-1.1494,13.0,94,100,2.54,GB,1693101102
304,umba,66.6871,34.3429,7.55,92,47,2.19,RU,1693101102
305,sabang,5.8933,95.3214,27.63,71,15,0.78,ID,1693101103
306,vegreville,53.5001,-112.0518,23.03,60,95,2.57,CA,1693101103
307,gamba,-2.65,10.0,22.61,91,88,2.62,GA,1693101104
308,kuta,-8.7233,115.1723,26.97,78,40,6.71,ID,1693101104
309,i-n-salah,27.1935,2.4607,33.85,24,100,3.91,DZ,1693101105
310,great bend,38.3645,-98.7648,24.07,63,0,4.63,US,1693100943
311,plymouth,41.8334,-70.8328,22.3,86,0,0.0,US,1693101106
312,trinidad,-14.8333,-64.9,23.07,34,0,3.45,BO,1693101106
313,veshkayma,54.05,47.1333,9.41,83,100,3.04,RU,1693101107
314,cole harbour,44.6724,-63.4751,18.88,96,100,9.26,CA,1693101107
315,haiku-pauwela,20.9219,-156.3051,31.01,37,20,9.77,US,1693101109
316,vanimo,-2.6741,141.3028,29.25,72,29,1.93,PG,1693101110
317,manta,-0.95,-80.7333,25.56,78,75,8.05,EC,1693101110
318,bakaly,55.1789,53.8028,9.6,94,100,2.34,RU,1693101111
319,lompoc,34.6391,-120.4579,23.08,82,75,7.6,US,1693101111
320,bulayevo,54.9056,70.4439,11.55,80,100,2.7,KZ,1693101112
321,wad rawah,15.1603,33.1397,24.88,66,100,10.92,SD,1693101112
322,mukalla,14.5425,49.1242,28.83,82,73,3.56,YE,1693101113
323,arzgir,45.3728,44.2206,15.73,43,0,0.31,RU,1693101113
324,tanjung pandan,-2.75,107.65,30.0,57,29,4.58,ID,1693101114
325,douglas,41.3,-96.167,24.49,64,0,2.57,US,1693101114
326,st. paul,44.9444,-93.0933,19.4,70,100,4.12,US,1693100941
327,ad dabbah,18.05,30.95,36.52,26,100,9.66,SD,1693101115
328,walvis bay,-22.9575,14.5053,12.27,93,0,4.63,NA,1693101116
329,newman,37.3138,-121.0208,32.38,43,0,1.79,US,1693100915
330,masjed soleyman,31.9364,49.3039,31.22,14,0,1.52,IR,1693101117
331,pacific grove,36.6177,-121.9166,23.9,87,100,3.13,US,1693101117
332,fortuna,40.5982,-124.1573,17.74,89,0,6.17,US,1693101118
333,souillac,-20.5167,57.5167,22.21,88,40,4.12,MU,1693101118
334,kruisfontein,-34.0033,24.7314,7.81,80,38,4.49,ZA,1693101119
335,prince rupert,54.3161,-130.3201,18.05,83,0,5.66,CA,1693100976
336,port angeles,48.1181,-123.4307,28.01,46,0,0.0,US,1693101120
337,kailua-kona,19.6406,-155.9956,27.98,68,100,3.6,US,1693100872
338,hasaki,35.7333,140.8333,32.94,74,100,3.97,JP,1693101120
339,taroa,8.7058,171.2275,28.49,74,61,6.91,MH,1693101121
340,qurayyat,31.3318,37.3428,23.1,68,0,5.66,SA,1693100868
341,mogocha,53.7333,119.7667,19.81,35,12,1.49,RU,1693101122
342,mundybash,53.211,87.2983,17.09,92,77,1.02,RU,1693101122
343,poronaysk,49.2167,143.1167,14.59,90,100,3.21,RU,1693101123
344,kone,-21.0595,164.8658,23.47,48,98,3.63,NC,1693101123
345,tofol,5.3248,163.0078,28.88,84,75,1.54,FM,1693101124
346,lagoa,39.05,-27.9833,21.98,77,22,9.37,PT,1693101124
347,yambio,4.5721,28.3955,18.6,98,22,1.65,SS,1693101125
348,jiuquan,39.7432,98.5174,24.51,27,0,4.82,CN,1693101125
349,el nido,11.1858,119.3956,28.5,83,100,8.08,PH,1693101126
350,elliot lake,46.3834,-82.6331,10.46,61,0,2.81,CA,1693101126
351,loikaw,19.6742,97.2094,20.57,97,100,1.25,MM,1693101127
352,paita,-5.0892,-81.1144,20.57,80,3,6.83,PE,1693101127
353,pangoa,-12.1167,-73.0,20.48,91,12,1.63,PE,1693101128
354,nikolayevsk-on-amure,53.1406,140.73,20.68,36,91,1.59,RU,1693101128
355,zalesovo,53.9939,84.7431,16.87,65,98,2.15,RU,1693101129
356,kirillov,59.863,38.3813,6.88,93,80,2.15,RU,1693101129
357,zhongshan,21.3226,110.5829,30.41,71,40,2.22,CN,1693101130
358,dassun,17.7204,121.6816,25.13,92,100,8.08,PH,1693101130
359,hotan,37.0997,79.9269,20.93,52,100,3.65,CN,1693101131
360,pariaman,-0.619,100.12,27.03,90,92,1.01,ID,1693101132
361,sinjai,-5.1241,120.253,28.08,65,99,3.17,ID,1693101133
362,laojunmiao,39.8333,97.7333,20.84,28,0,8.75,CN,1693101133
363,eagle river,45.9172,-89.2443,13.95,78,0,2.57,US,1693101134
364,leitchfield,37.48,-86.2939,25.1,94,23,2.64,US,1693101135
365,klyuchi,52.2667,79.1667,16.98,65,100,3.75,RU,1693101135
366,balta,47.9355,29.6198,20.88,69,0,3.29,UA,1693101135
367,sinop,41.7711,34.8709,16.18,59,0,3.03,TR,1693101136
368,kununurra,-15.7667,128.7333,29.99,30,0,6.69,AU,1693101136
369,gobabis,-22.45,18.9667,7.26,34,0,5.45,NA,1693101137
370,kehychivka,49.2866,35.7615,20.33,48,92,3.08,UA,1693101137
371,toliara,-23.35,43.6667,22.65,70,29,2.47,MG,1693101138
372,nainpur,22.4333,80.1167,24.21,87,31,2.99,IN,1693101138
373,vanino,49.0869,140.2543,13.88,93,100,1.41,RU,1693101139
374,pisco,-13.7,-76.2167,19.03,77,75,4.12,PE,1693101139
375,at taj,24.2049,23.2857,30.73,18,0,3.82,LY,1693101140
376,iguape,-24.7081,-47.5553,16.74,66,100,4.62,BR,1693101140
377,magadan,59.5667,150.8,18.63,72,59,2.3,RU,1693101141
378,zinjibar,13.1287,45.3807,31.07,68,88,1.93,YE,1693101141
379,roma,43.2128,-75.4557,19.08,77,20,4.63,US,1693101065
380,sorokino,53.75,84.9167,17.4,61,93,2.15,RU,1693101142
381,salekhard,66.53,66.6019,6.91,83,100,4.76,RU,1693101143
382,holualoa,19.6228,-155.9522,25.99,67,100,3.6,US,1693101143
383,ad dawadimi,24.5077,44.3924,29.64,16,99,3.72,SA,1693101144
384,okakarara,-20.5833,17.4333,10.31,21,8,1.74,NA,1693101144
385,choibalsan,48.0667,114.5,13.08,88,100,4.53,MN,1693101145
386,pontianak,-0.0333,109.3333,25.99,83,75,4.12,ID,1693101104
387,heggadadevankote,12.0883,76.3283,22.24,86,100,1.67,IN,1693101146
388,polyarnyy,69.1989,33.4478,9.45,89,100,6.4,RU,1693101146
389,berezovyy,51.6667,135.7,18.83,47,99,1.39,RU,1693101148
390,puerto san jose,13.9256,-90.8244,27.7,78,74,3.3,GT,1693101148
391,minas de marcona,-15.2119,-75.1103,13.2,85,29,5.15,PE,1693101149
392,zapala,-38.8992,-70.0544,4.07,49,0,1.38,AR,1693101149
393,westport,41.1415,-73.3579,23.98,85,0,1.34,US,1693100886
394,nova sintra,14.8667,-24.7167,24.25,77,23,1.67,CV,1693101150
395,brikama,13.2714,-16.6494,25.02,100,40,0.0,GM,1693101151
396,yung shue wan,22.2333,114.1167,31.56,85,71,0.45,HK,1693101152
397,spasskoye,44.6108,132.7969,21.59,80,43,2.62,RU,1693101153
398,labrador city,52.9463,-66.9114,6.95,93,75,3.09,CA,1693101153
399,qarqaraly,49.4058,75.4742,15.1,81,100,4.78,KZ,1693101154
400,bodo,67.28,14.405,14.02,75,0,6.17,NO,1693101154
401,kangding,30.0513,101.9603,14.43,97,100,1.23,CN,1693101155
402,gbadolite,4.2833,21.0167,21.74,98,100,0.39,CD,1693101156
403,okondja,-0.6549,13.6753,21.32,96,100,0.89,GA,1693101156
404,burgersdorp,-30.9977,26.3286,0.86,76,0,2.62,ZA,1693101158
405,la gi,10.6667,107.7833,28.29,75,100,5.97,VN,1693101158
406,tommot,58.9564,126.2925,17.49,61,54,0.6,RU,1693101159
407,port alfred,-33.5906,26.891,10.66,73,42,1.79,ZA,1693101159
408,xinzhou,38.4092,112.7333,14.52,97,100,0.9,CN,1693101159
409,kupang,-10.1667,123.5833,29.45,43,8,5.17,ID,1693101160
410,troitsk,54.0979,61.5773,9.51,77,75,1.97,RU,1693101160
411,mutsu,41.2894,141.2169,29.57,68,96,1.58,JP,1693101161
412,ribeira brava,32.65,-17.0667,24.84,79,27,2.88,PT,1693101161
413,astara,38.5,48.6667,18.99,87,60,0.88,AZ,1693101162
414,nuuk,64.1835,-51.7216,7.34,87,100,11.83,GL,1693101162
415,ghormach,35.7306,63.7826,20.24,67,1,3.35,AF,1693101163
416,amboasary,-25.0333,46.3833,23.34,64,100,1.77,MG,1693101163
417,priargunsk,50.3691,119.1012,20.55,44,11,0.43,RU,1693101164
418,rexburg,43.826,-111.7897,26.99,49,40,0.0,US,1693101164
419,el bauga,18.262,33.9081,34.52,33,100,10.84,SD,1693101165
420,kemijarvi,66.7131,27.4306,8.92,92,9,0.93,FI,1693101165
421,borlesti,46.7667,26.4833,18.85,54,0,1.74,RO,1693101166
422,san andres,12.5847,-81.7006,28.01,83,20,1.03,CO,1693101166
423,pingliang,35.5392,106.6861,18.61,62,5,3.76,CN,1693101167
424,boguchany,58.3814,97.4531,16.79,70,68,1.79,RU,1693101167
425,yeraliyev,43.2,51.65,19.48,51,1,1.94,KZ,1693101168
426,new norfolk,-42.7826,147.0587,12.62,39,0,0.67,AU,1693101168
427,klaksvik,62.2266,-6.589,9.51,86,2,2.41,FO,1693101169
428,agadir,30.4202,-9.5982,22.25,82,13,1.42,MA,1693100891
429,dauphin,51.1494,-100.0502,18.08,77,75,2.57,CA,1693101170
430,cimitarra,6.3142,-73.9497,25.75,83,58,1.15,CO,1693101170
431,coronel suarez,-37.4547,-61.9334,3.56,44,1,1.74,AR,1693101171
432,naze,28.3667,129.4833,27.51,80,23,5.82,JP,1693101171
433,selma,36.5708,-119.6121,35.03,34,0,2.06,US,1693101172
434,puerto rico,-26.796,-55.024,9.3,65,0,1.65,AR,1693101172
435,namdrik,5.5994,168.1028,28.29,77,100,5.49,MH,1693101172
436,jiangyou,31.7667,104.7167,25.69,54,18,1.1,CN,1693101173
437,kanchanaburi,14.6333,99.1,25.81,82,96,2.62,TH,1693101126
438,iyo,33.7514,132.7014,33.37,73,40,2.57,JP,1693101174
439,malvan,16.0667,73.4667,27.14,79,96,2.89,IN,1693101174
440,wenchang,30.904,118.4887,29.73,76,96,1.71,CN,1693101175
441,ji'an,27.1172,114.9793,30.65,68,99,3.54,CN,1693101175
442,chimoio,-19.1164,33.4833,19.56,58,0,4.1,MZ,1693101176
443,kingsville,27.5159,-97.8561,30.98,76,0,4.12,US,1693101047
444,kayangel,8.0823,134.7173,28.16,82,86,7.53,PW,1693101179
445,vung tau,10.346,107.0843,27.72,78,100,4.78,VN,1693101179
446,pedemonte,45.9084,11.3086,22.52,91,43,2.68,IT,1693101180
447,muscat,23.6139,58.5922,31.01,76,100,1.33,OM,1693101180
448,umm kaddadah,13.6017,26.6876,26.58,60,77,4.01,SD,1693101181
449,port isabel,26.0734,-97.2086,30.02,79,0,3.09,US,1693101181
450,cidreira,-30.1811,-50.2056,9.37,67,37,3.89,BR,1693101182
451,qoryooley,1.7878,44.53,23.09,89,23,4.32,SO,1693101182
452,ondjiva,-17.0667,15.7333,15.02,20,0,1.54,AO,1693101183
453,cova figueira,14.8905,-24.2934,24.4,81,24,1.88,CV,1693101183
454,torroella de montgri,42.0425,3.127,23.27,88,100,1.19,ES,1693101184
455,awash,8.9833,40.1667,25.14,51,70,4.65,ET,1693101184
456,kalifornsky,60.4183,-151.29,17.44,91,75,0.0,US,1693101185
457,kapuskasing,49.4169,-82.4331,12.05,76,0,1.54,CA,1693101186
458,zakynthos,37.7914,20.8953,22.58,73,20,1.54,GR,1693101186
459,chivhu,-19.0211,30.8922,14.21,34,0,3.41,ZW,1693101187
460,puerto madryn,-42.7692,-65.0385,8.71,57,5,6.7,AR,1693101025
461,yeosu,34.7546,127.6599,27.41,68,100,2.88,KR,1693101188
462,damghan,36.1683,54.348,18.71,62,2,1.99,IR,1693101188
463,kas,36.2018,29.6377,25.32,55,0,2.74,TR,1693101189
464,omaruru,-21.4333,15.9333,13.42,19,0,1.79,NA,1693101189
465,san clemente del tuyu,-36.3569,-56.7235,4.43,74,8,3.33,AR,1693101190
466,taltal,-25.4,-70.4833,17.09,69,5,1.71,CL,1693101021
467,rampur,28.8167,79.0333,26.81,80,85,2.51,IN,1693101191
468,kristiansund,63.1115,7.732,15.36,72,100,2.57,NO,1693101191
469,sotkamo,64.1333,28.4167,5.01,83,67,0.87,FI,1693101192
470,harper,4.375,-7.7169,24.57,89,100,4.43,LR,1693101192
471,beinamar,8.6698,15.3813,20.78,98,100,0.75,TD,1693101193
472,xilin hot,43.9667,116.0333,20.08,32,19,2.0,CN,1693101193
473,nampula,-15.1165,39.2666,18.97,94,0,4.63,MZ,1693101194
474,kavieng,-2.5744,150.7967,28.53,74,43,3.7,PG,1693101194
475,byron,44.0327,-92.6455,19.1,75,100,4.63,US,1693101195
476,mount pearl,47.5166,-52.7813,13.92,89,75,3.09,CA,1693101195
477,labuan,5.2767,115.2417,24.2,94,40,0.0,MY,1693101196
478,coquimbo,-29.9533,-71.3436,13.85,76,0,1.03,CL,1693100597
479,progreso,21.2833,-89.6667,27.28,84,97,2.44,MX,1693101197
480,saint-denis,48.9167,2.3333,15.06,86,0,1.54,FR,1693101197
481,halifax,44.6453,-63.5724,19.17,96,100,9.26,CA,1693101189
482,uacu cungo,-11.3634,15.1208,17.56,74,0,0.78,AO,1693101198
483,madera,37.1666,-119.8343,34.89,27,0,2.99,US,1693101199
484,nizhnyaya poyma,56.1622,97.1933,17.19,84,100,1.33,RU,1693101200
485,fort st. john,56.2499,-120.8529,26.94,32,40,2.06,CA,1693101202
486,ambovombe,-25.1667,46.0833,22.7,65,100,1.5,MG,1693101202
487,quang ngai,15.1167,108.8,32.87,52,100,2.23,VN,1693101203
488,nizhnesortymskiy,62.4397,71.7603,9.69,83,40,3.76,RU,1693101204
489,yoichi,43.2039,140.7703,25.13,89,100,2.82,JP,1693101204
490,ulladulla,-35.35,150.4667,17.78,58,17,3.08,AU,1693101205
491,muravlenko,63.7898,74.523,10.32,85,97,5.11,RU,1693101205
492,darnah,32.767,22.6367,25.66,82,0,6.31,LY,1693101206
493,jijiga,9.35,42.8,18.18,66,62,6.49,ET,1693101206
494,rabaul,-4.1967,152.1721,28.65,73,33,5.56,PG,1693101207
495,kafin hausa,12.2375,9.908,27.5,59,100,3.24,NG,1693101207
496,pasuquin,18.3328,120.6177,26.97,94,100,1.54,PH,1693101208
497,lincoln city,44.9582,-124.0179,18.72,86,49,1.33,US,1693101033
498,birao,10.2849,22.7882,22.56,94,100,1.39,CF,1693101209
499,port douglas,-16.4833,145.4667,22.88,73,57,8.88,AU,1693101087
500,gao,16.6362,1.637,30.5,52,95,4.55,ML,1693101210
501,happy valley-goose bay,53.3168,-60.3315,12.17,100,100,3.6,CA,1693101210
502,palikir - national government center,6.9248,158.1611,26.47,94,100,1.54,FM,1693101211
503,chui,-33.6971,-53.4616,6.14,76,1,2.95,UY,1693101211
504,mahibadhoo,3.7833,72.9667,27.61,76,9,2.31,MV,1693101212
505,brokopondo,4.75,-55.1667,27.62,75,67,5.17,SR,1693101213
506,weno,7.4515,151.8468,28.39,78,100,4.32,FM,1693101213
507,aral,40.5156,81.2636,27.57,15,100,0.8,CN,1693101214
508,loboc,9.6383,124.0348,28.73,79,100,7.65,PH,1693101214
509,laguna,38.421,-121.4238,34.19,33,0,4.63,US,1693101215
510,barabinsk,55.3571,78.357,14.35,63,63,4.17,RU,1693101215
511,es castell,39.8795,4.2854,26.38,94,20,1.54,ES,1693101216
512,quiberon,47.4841,-3.1196,15.11,85,0,6.94,FR,1693101216
513,petrolina,-9.3986,-40.5008,24.03,57,0,1.03,BR,1693101217
514,mariakani,-3.8633,39.4736,19.34,96,3,2.36,KE,1693101217
515,barcelona,41.3888,2.159,26.73,80,20,3.09,ES,1693101218
516,trairi,-3.2778,-39.2689,25.32,83,13,2.5,BR,1693101218
517,fukuecho,32.6881,128.8419,30.2,79,20,2.57,JP,1693101219
518,tamanrasset,22.785,5.5228,23.95,53,40,2.06,DZ,1693101219
519,altamont,42.2068,-121.7372,28.91,24,0,2.57,US,1693101220
520,waddan,29.1614,16.139,26.16,51,0,2.77,LY,1693101220
521,paraiso,9.8383,-83.8656,20.79,95,92,0.44,CR,1693101221
522,krasyliv,49.6519,26.9725,21.3,73,100,0.97,UA,1693101221
523,islampur,26.2667,88.2,26.57,85,100,4.18,IN,1693101222
524,puerto el triunfo,13.2833,-88.55,27.32,87,94,2.85,SV,1693101222
525,midvagur,62.0511,-7.1939,9.46,87,100,2.57,FO,1693101223
526,rechka-vydrino,51.485,104.8461,14.83,84,45,1.07,RU,1693101223
527,guarapari,-20.6667,-40.4975,19.38,90,100,5.56,BR,1693101224
528,serhetabat,35.2799,62.3438,18.72,82,40,1.71,TM,1693101224
529,bakchar,57.0186,82.0711,13.92,69,16,2.77,RU,1693101225
530,singkil,-7.9855,111.4161,28.09,57,12,2.52,ID,1693101225
531,twon-brass,4.3151,6.2418,25.75,85,100,4.16,NG,1693101226
532,tsiombe,-25.3,45.4833,20.98,66,26,1.01,MG,1693101226
533,purificacion,3.8587,-74.9313,27.71,49,8,1.68,CO,1693101227
534,black river,18.0264,-77.8487,27.88,83,100,1.91,JM,1693101227
535,chake chake,-5.2459,39.7666,22.48,84,0,2.91,TZ,1693101227
536,bathsheba,13.2167,-59.5167,29.34,79,20,3.09,BB,1693101228
537,balqash,46.8481,74.995,22.33,53,40,7.0,KZ,1693101228
538,toamasina,-18.1667,49.3833,20.0,94,75,1.54,MG,1693101229
539,flin flon,54.7682,-101.865,18.1,65,0,2.86,CA,1693101229
540,moose jaw,50.4001,-105.5344,27.14,29,58,3.6,CA,1693101230
541,jerez de la frontera,36.6865,-6.1361,22.28,44,0,5.14,ES,1693101231
542,jose bonifacio,-21.0528,-49.6883,17.59,65,61,6.5,BR,1693101232
543,cerritos,33.8583,-118.0648,35.71,53,0,4.63,US,1693101114
544,alice town,25.7167,-79.3,28.77,75,33,5.43,BS,1693101233
545,altstatten,47.3777,9.5475,18.2,95,100,4.63,CH,1693101233
546,fada,9.5667,8.3,20.34,95,100,1.14,NG,1693101233
547,bardai,11.65,7.2333,22.65,90,100,2.7,NG,1693101234
548,garden city,42.3256,-83.331,19.47,79,75,5.14,US,1693101115
549,revda,56.801,59.9303,7.49,87,100,2.34,RU,1693101235
550,fisterra,42.9049,-9.2629,17.08,76,1,6.51,ES,1693101006
551,pembroke,45.8168,-77.1162,15.1,76,0,2.64,CA,1693101236
552,alta,69.9689,23.2717,9.59,86,100,2.06,NO,1693101236
553,lively,46.4334,-81.1498,13.51,75,0,2.7,CA,1693101237
554,bac lieu,9.285,105.7244,29.61,70,100,6.86,VN,1693101237
555,nanpiao,41.0982,120.7479,24.03,53,100,2.25,CN,1693101238
556,sos'va,59.1766,61.8558,8.0,84,99,1.22,RU,1693101238
557,copala,16.65,-98.9833,26.72,85,24,2.97,MX,1693101239
558,quellon,-43.1167,-73.6167,9.14,81,100,4.63,CL,1693101239
559,forster,-32.1667,152.5167,19.1,69,6,3.33,AU,1693101240
560,ormara,25.2088,64.6357,26.42,84,100,4.38,PK,1693101240
561,chandbali,20.7833,86.7667,29.12,70,100,4.36,IN,1693101241
